name,price,link
"Dell Vostro 14 3400 Core i3 11th Gen 14"" HD Laptop","48,500",https://www.startech.com.bd/dell-vostro-14-3400-laptop
"Asus VivoBook 14 X415EA Core i3 11th Gen 14"" FHD Laptop","56,000",https://www.startech.com.bd/asus-vivobook-14-x415ea-core-i3-11th-gen-laptop
"Lenovo IdeaPad Flex 5 14ALC7 AMD Ryzen 5 5500U 14"" Touchscreen Laptop","91,500",https://www.startech.com.bd/lenovo-ideapad-flex-5-14alc7-amd-ryzen-5-laptop
"Lenovo IdeaPad 3 15ALC6 AMD Ryzen 7 5700U 15.6"" FHD Laptop","80,500",https://www.startech.com.bd/lenovo-ideapad-3-15alc6-amd-ryzen-7-5700u-laptop
"Lenovo IdeaPad Flex 5 14ALC7 AMD Ryzen 7 5700U 14"" Touchscreen Laptop","99,500",https://www.startech.com.bd/lenovo-ideapad-flex-5-14alc7-amd-ryzen-7-laptop
"ASUS VivoBook 15 X515EA Core i5 11th Gen 512GB SSD 15.6"" FHD Laptop","76,500",https://www.startech.com.bd/asus-vivobook-15-x515ea-i5-11th-gen-512-gb-ssd-fhd-laptop
"DOEL Freedom A9 AMD A9-9425 14.1"" HD Laptop","26,999",https://www.startech.com.bd/doel-freedom-a9-amd-a9-9425-laptop
"Toshiba Dynabook Satellite Pro C40-G-13F Celeron 5205U 14"" HD Laptop","31,000",https://www.startech.com.bd/toshiba-dynabook-satellite-pro-c40-g-13f-laptop
"Acer TravelMate TMB 311-31-C3CD Celeron N4020 11.6"" HD Laptop","34,500",https://www.startech.com.bd/acer-travelmate-tmb-311-31-c3cd-celeron-n4020-aptop
"Lenovo IdeaPad Slim 3i Intel Celeron N4020 15.6"" HD Laptop","35,500",https://www.startech.com.bd/lenovo-ideapad-slim-3i-intel-celeron-n4020-hd-laptop
"Lenovo IdeaPad Slim 3i Intel Celeron N4020 256GB SSD 15.6"" HD Laptop","35,500",https://www.startech.com.bd/lenovo-ideapad-slim-3i-celeron-n4020-hd-laptop
"Lenovo IdeaPad D330 10IGL Intel CDC N4020 10.1"" HD Touch Laptop","35,800",https://www.startech.com.bd/lenovo-ideapad-d330-cdc-n4020-laptop
"Lenovo IdeaPad Slim 3i 15IGL Intel Celeron N4020 15.6"" HD Laptop","36,000",https://www.startech.com.bd/lenovo-ideapad-slim-3i-intel-celeron-n4020-laptop
"Lenovo IdeaPad Slim 3i Intel Celeron N4020 15.6"" FHD Laptop","35,500",https://www.startech.com.bd/lenovo-ideapad-slim-3i-intel-celeron-n4020-fhd-laptop
"Asus Vivobook E210MA Celeron N4020 11.6"" HD Laptop","37,000",https://www.startech.com.bd/asus-vivobook-e410ma-celeron-n4020-hd-laptop
Asus P1511CMA Intel Celeron N4020 15.6-Inch HD Laptop,"37,500",https://www.startech.com.bd/asus-p1511cma-intel-celeron-n4020-hd-laptop
"Walton Prelude N40 Pro Celeron N4020 14"" FHD Laptop","39,750",https://www.startech.com.bd/walton-prelude-n40-pro-celeron-n4020-laptop
"Walton Prelude N41 Pro Celeron N4120 14"" FHD Laptop","42,550",https://www.startech.com.bd/walton-prelude-n41-pro-celeron-n4120-laptop
"HP 15s-fq3617TU Celeron N4500 15.6"" FHD Laptop","43,500",https://www.startech.com.bd/hp-15s-fq3617tu-celeron-n4500-laptop
"Walton Prelude N50 Pro Pentium Silver N5030 14"" FHD Laptop","43,750",https://www.startech.com.bd/walton-prelude-n50-pro-pentium-silver-n5030-laptop
"Asus Vivobook E410MA Celeron N4020 14"" HD Laptop","45,000",https://www.startech.com.bd/asus-vivobook-e410ma-celeron-n4020-14-inch-hd-laptop
"Toshiba Dynabook Satellite Pro C40-G-11I Core i3 10th Gen 14"" HD Laptop","45,000",https://www.startech.com.bd/toshiba-dynabook-satellite-pro-c40-g-11i-laptop
"Acer Extensa 15 EX215-54-37AH Core i3 11th Gen 15.6"" FHD Laptop","45,200",https://www.startech.com.bd/acer-extensa-15-ex215-54-37ah-core-i3-11th-gen-laptop
"Acer Extensa 15 EX215-54-34SE Core i3 11th Gen 15.6"" FHD Laptop","46,500",https://www.startech.com.bd/acer-extensa-15-ex215-54-34se-core-i3-11th-gen-laptop
"Asus VivoBook 15 E510MA Intel Celeron N4020 15.6"" FHD Laptop","47,000",https://www.startech.com.bd/asus-vivobook-15-e510ma-celeron-n4020-fhd-laptop
"Asus ExpertBook BR1100FKA Celeron N4500 11.6"" 360° HD LED Touch Education Laptop","47,500",https://www.startech.com.bd/asus-expertbook-br1100fka-celeron-n4500-hd-led-touch-laptop
"HP 15s-eq1578AU AMD Athlon 3050U 15.6"" FHD Laptop","48,900",https://www.startech.com.bd/hp-15s-eq1578au-amd-athlon-3050u-fhd-laptop
"DOEL T10 Core i3 10th Gen 14"" FHD Laptop","49,499",https://www.startech.com.bd/doel-t10-core-i3-10th-gen-laptop
"Walton Passion BX310U Core i3 10th Gen 15.6"" FHD Laptop","49,850",https://www.startech.com.bd/walton-passion-bx310u-core-i3-10th-gen-laptop
"Lenovo IdeaPad 1 15ADA7 AMD Ryzen 3 3250U 15.6"" FHD Laptop","49,900",https://www.startech.com.bd/lenovo-ideapad-1-15ada7-ryzen-3-fhd-laptop
"Acer TravelMate TMP214-54 Core i5 12th Gen 14"" FHD Laptop","80,000",https://www.startech.com.bd/acer-travelmate-tmp214-54-core-i5-12th-gen-laptop
"Acer TravelMate TMP214-54 Core i7 12th Gen 14"" FHD Laptop","98,000",https://www.startech.com.bd/acer-travelmate-tmp214-54-core-i7-12th-gen-laptop
"Acer TravelMate TMP215-53 Core i3 11th Gen 15.6"" FHD Laptop","50,500",https://www.startech.com.bd/acer-travelmate-tmp215-53-core-i3-11th-gen-laptop
"Acer TravelMate TMP214-54 Core i3 12th Gen 14"" HD Laptop","62,000",https://www.startech.com.bd/acer-travelmate-tmp214-54-laptop
"ASUS VivoBook 15 M515DA Ryzen 3 3250U 15.6"" HD Laptop","50,500",https://www.startech.com.bd/asus-vivobook-15-m515da-ryzen-3-3250u-hd-laptop
"Lenovo IdeaPad Slim 3i 11th Gen Core i3 256GB SSD 15.6"" Full HD Laptop with Windows 11","51,400",https://www.startech.com.bd/lenovo-ideapad-slim-3i-core-i3-11th-fhd-gen-256gb-ssd-laptop
"Acer Aspire 3 A315-24P Ryzen 3 7320U 15.6"" FHD Laptop","51,400",https://www.startech.com.bd/acer-aspire-3-a315-24p-ryzen-3-7320u-laptop
"ASUS VivoBook 15 X515JA Core i3 10th Gen 512GB SSD 15.6"" FHD Laptop","51,500",https://www.startech.com.bd/asus-vivobook-15-x515ja-i3-10th-gen-fhd-laptop
"ASUS VivoBook 15 X515EA Core i3 11th Gen 15.6"" FHD WV Laptop","51,900",https://www.startech.com.bd/asus-vivobook-15-x515ea-i3-11th-gen-laptop
"ASUS VivoBook 15 X515EA Core i3 11th Gen 15.6"" FHD Laptop","51,900",https://www.startech.com.bd/asus-vivobook-15-x515ea-i3-11th-gen-15-6-inch-fhd-laptop
"Lenovo IdeaPad Slim 3i Core i3 11th Gen 4GB RAM 15.6"" FHD Laptop","52,900",https://www.startech.com.bd/lenovo-ideapad-slim-3i-core-i3-11th-gen-laptop
"Lenovo IdeaPad Slim 1 15AMN7 Ryzen 3 7320U 15.6"" FHD Laptop","53,000",https://www.startech.com.bd/lenovo-ideapad-slim-1-15amn7-ryzen-3-7320u-fhd-laptop
"Acer Extensa 15 EX215-23 AMD Ryzen 3 7320U 15.6"" Laptop","53,500",https://www.startech.com.bd/acer-extensa-15-ex215-23-amd-ryzen-3-7320u-laptop
"Lenovo IdeaPad Slim 3i Core i3 11th Gen 512GB SSD 15.6"" FHD Laptop","53,500",https://www.startech.com.bd/lenovo-ideapad-slim-3i-core-i3-11th-gen-512gb-ssd-laptop
"ASUS VivoBook 15 D515DA Ryzen 3 3250U 15.6"" FHD Laptop with Windows 11","55,000",https://www.startech.com.bd/asus-vivobook-15-d515da-ryzen-3-laptop
"ASUS VivoBook 15 D515DA Ryzen 3 3250U 15.6"" FHD Laptop","55,500",https://www.startech.com.bd/asus-vivobook-15-d515da-ryzen-3-3250u-laptop
"Lenovo IdeaPad Slim 3i Core i3 11th Gen 14"" FHD Laptop Abyss Blue","55,500",https://www.startech.com.bd/lenovo-ideapad-slim-3i-core-i3-11th-gen-14-inch-fhd-laptop-abyss-blue
"HP 15s-eq2618AU Ryzen 3 5300U 15.6"" HD Laptop","55,500",https://www.startech.com.bd/hp-15s-eq2618au-ryzen-3-5300u-laptop
"Lenovo V14 Core i3 11th Gen 256GB SSD 14"" FHD Laptop","53,500",https://www.startech.com.bd/lenovo-v14-core-i3-11th-gen-14-inch-fhd-laptop
"Lenovo IdeaPad Slim 3i 14IAU7 Core i3 12th Gen 14"" FHD Laptop","56,500",https://www.startech.com.bd/lenovo-ideapad-slim-3i-14iau7-core-i3-12th-gen-laptop
"Lenovo IdeaPad Slim 3i 14IAU7 Core i3 12th Gen 14"" FHD Laptop Abyss Blue","56,500",https://www.startech.com.bd/lenovo-ideapad-slim-3i-14iau7-core-i3-laptop
"Lenovo IdeaPad Slim 3i 14IAU7 Core i3 12th Gen 14"" FHD Laptop Misty Blue","56,500",https://www.startech.com.bd/lenovo-ideapad-slim-3i-14iau7-core-i3-14-inch-fhd-laptop
"Dell Latitude 3520 Core i3 11th Gen 15.6"" HD Laptop","56,500",https://www.startech.com.bd/dell-latitude-3520-core-i3-11th-gen-laptop
"ASUS VivoBook 15 X515EA Core i3 11th Gen 512GB SSD 15.6"" FHD Laptop","56,800",https://www.startech.com.bd/asus-vivobook-15-x515ea-core-i3-11th-gen-fhd-laptop
"Dell Inspiron 15 3525 Ryzen 3 5425U 15.6"" FHD Laptop","58,900",https://www.startech.com.bd/dell-inspiron-15-3525-ryzen-3-5425u-fhd-laptop
"Dell Inspiron 15 3520 Core i3 12th Gen 15.6"" FHD Laptop","64,500",https://www.startech.com.bd/dell-inspiron-15-3520-core-i3-fhd-laptop
"Lenovo IdeaPad Slim 3i 11th Gen Core i3 8GB RAM 14"" FHD Laptop with Windows 11","56,900",https://www.startech.com.bd/lenovo-ideapad-slim-3i-core-i3-11th-fhd-gen-8gb-ram-14-inch-laptop
"Walton Tamarind MX311G Core i3 11th Gen 14"" FHD Laptop","57,500",https://www.startech.com.bd/walton-tamarind-mx311g-core-i3-11th-gen-laptop
"Dell Inspiron 15 3525 Ryzen 5 5625U 15.6"" FHD Laptop","71,500",https://www.startech.com.bd/dell-inspiron-15-3525-ryzen-5-fhd-laptop
"Dell Latitude 3520 Core i5 11th Gen 15.6"" HD Laptop","72,000",https://www.startech.com.bd/dell-latitude-3520-core-i5-11th-gen-laptop
"Lenovo IdeaPad Slim 3i 14ITL6 Core i3 11th Gen 512GB SSD 14"" FHD Laptop","57,500",https://www.startech.com.bd/lenovo-ideapad-slim-3i-core-i3-laptop
"Dell Latitude 3520 Core i5 11th Gen 512GB SSD 15.6"" HD Laptop","76,000",https://www.startech.com.bd/dell-latitude-3520-i5-11th-gen-hd-laptop
"Acer Aspire 3 A315-59 Core i3 12th Gen 15.6"" FHD Laptop","58,000",https://www.startech.com.bd/acer-aspire-3-a315-59-core-i3-12th-gen-laptop
"Dell Latitude 3420 Core i5 11th Gen 14"" FHD Laptop","76,000",https://www.startech.com.bd/dell-latitude-3420-i5-11th-gen-laptop
"Acer A315-59-390P Core i3 12th Gen 15.6"" FHD Laptop","58,000",https://www.startech.com.bd/acer-a315-59-390p-core-i3-12th-gen-fhd-laptop
"Dell Latitude 3520 Core i5 11th Gen MX350 2GB Graphics 15.6"" FHD Laptop","78,500",https://www.startech.com.bd/dell-latitude-3520-core-i5-11th-gen-fhd-laptop
"Acer Aspire 3 A315-59-34TO Core i3 12th Gen 15.6"" FHD Laptop","58,000",https://www.startech.com.bd/acer-aspire-3-a315-59-34to-core-i3-12th-gen-fhd-laptop
"Acer Aspire 3 A315-59-39P4 Core i3 12th Gen 15.6"" FHD Laptop","58,000",https://www.startech.com.bd/acer-aspire-3-a315-59-39p4-core-i3-12th-gen-fhd-laptop
"Dell Inspiron 15 3520 Core i5 12th Gen 15.6"" FHD Laptop","81,500",https://www.startech.com.bd/dell-inspiron-15-3520-core-i5-fhd-laptop
"Dell Vostro 14 3400 Core i7 11th Gen MX330 2GB Graphics 14"" FHD Laptop With Backlit Keyboard","85,000",https://www.startech.com.bd/dell-vostro-14-3400-core-i7-laptop
"Dell Latitude 14 3420 Core i7 11th Gen 14"" FHD Laptop","90,500",https://www.startech.com.bd/dell-latitude-14-3420-core-i7-11th-gen-fhd-laptop
"Acer Aspire 3 A315-510P Core i3-N305 15.6"" FHD Laptop","58,900",https://www.startech.com.bd/acer-aspire-3-a315-510p-core-i3-n305-laptop
"ASUS VivoBook 15 X515EA Core i3 11th Gen 8GB RAM 512GB SSD 15.6"" FHD Laptop","59,500",https://www.startech.com.bd/asus-vivobook-15-x515ea-core-i3-laptop
"Dell Inspiron 15 3520 Core i7 12th Gen 15.6"" FHD Laptop","94,500",https://www.startech.com.bd/dell-inspiron-15-3520-core-i7-fhd-laptop
"HP 15s-fq5487TU Core i3 12th Gen 15.6"" FHD Laptop","59,500",https://www.startech.com.bd/hp-15s-fq5487tu-core-i3-12th-gen-laptop
"Dell Latitude 3420 Core i7 11th Gen MX350 2GB Graphics 14"" FHD Laptop","92,500",https://www.startech.com.bd/dell-latitude-3420-core-i7-11th-gen-laptop
"ASUS VivoBook 15 X515JA Core i5 10th Gen 15.6"" FHD Laptop","60,000",https://www.startech.com.bd/asus-vivobook-15-x515ja-core-i5-10th-gen-fhd-laptop
"Asus ExpertBook B1 B1500CEAE Core i3 11th Gen 1TB HDD 15.6"" FHD Laptop","58,000",https://www.startech.com.bd/asus-expertbook-b1-b1500ceae-core-i3-fhd-laptop
"Lenovo IdeaPad Slim 3i Core i3 11th Gen 512GB SSD 14"" FHD Laptop","61,000",https://www.startech.com.bd/lenovo-ideapad-slim-3i-i3-11th-gen-14-inch-fhd-laptop
"Acer Aspire 3 A315-24P Ryzen 5 7520U 15.6"" FHD Laptop","64,000",https://www.startech.com.bd/acer-aspire-3-a315-24p-ryzen-5-7520u-laptop
"ASUS VivoBook 15 X1500EA Core i3 11th Gen 15.6"" FHD Laptop","62,800",https://www.startech.com.bd/asus-vivobook-15-x1500ea-core-i3-11th-gen-laptop
"ASUS VivoBook 15 X1500EA Core i3 11th Gen 512GB SSD 15.6"" FHD Laptop","62,800",https://www.startech.com.bd/asus-vivobook-15-x1500ea-core-i3-11th-gen-fhd-laptop
"ASUS VivoBook 15 X515JA Core i5 10th Gen 8GB RAM 15.6"" FHD Laptop","63,000",https://www.startech.com.bd/asus-vivobook-15-x515ja-core-i5-laptop
"Acer Aspire 5 5P-A515-58P Core i3 13th Gen 15.6"" FHD Laptop","63,500",https://www.startech.com.bd/acer-aspire-5-5p-a515-58p-i3-13th-gen-laptop
"ASUS VivoBook 15 X1502ZA Core i3 12th Gen 256GB SSD 15.6"" FHD Laptop","63,900",https://www.startech.com.bd/asus-vivobook-15-x1502za-core-i3-12th-gen-fhd-laptop
"Huawei MateBook D15 Core i3 11th Gen 15.6"" FHD Laptop","60,500",https://www.startech.com.bd/huawei-matebook-d15-core-i3-11th-gen-laptop
"HUAWEI MateBook B3-520 Core i3 11th Gen 15.6"" FHD Laptop","59,800",https://www.startech.com.bd/huawei-matebook-b3-520-core-i3-11th-gen-laptop
"Acer Extensa 15 EX215-54-57SB Core i5 11th Gen 15.6"" FHD Laptop","64,000",https://www.startech.com.bd/acer-extensa-15-ex215-54-57sb-core-i5-11th-gen-laptop
"Lenovo IdeaPad Slim 3i 15IAU7 Core i3 12th Gen 15.6"" FHD Laptop","64,000",https://www.startech.com.bd/lenovo-ideapad-slim-3i-15iau7-core-i3-12th-gen-laptop
"Walton Passion BX510U Core i5 10th Gen 15.6"" FHD Laptop","64,550",https://www.startech.com.bd/walton-passion-bx510u-core-i5-10th-gen-laptop
"HP 15s-fq5786TU Core i3 12th Gen 15.6"" FHD Laptop","64,700",https://www.startech.com.bd/hp-15s-fq5786tu-core-i3-12th-gen-laptop
"ASUS VivoBook 15 X515JA Core i5 10th Gen 15.6"" FHD Laptop with 256GB SSD+1TB HDD","59,500",https://www.startech.com.bd/asus-vivobook-15-x515ja-i5-10th-gen-fhd-laptop
"ASUS VivoBook 15 X1502ZA Core i3 12th Gen 8GB RAM 15.6"" FHD Laptop","65,500",https://www.startech.com.bd/asus-vivobook-15-x1502za-i3-12th-gen-fhd-laptop
"Asus Vivobook S15 S513EA Core i3 11th Gen 4GB RAM 15.6"" OLED FHD Laptop","66,000",https://www.startech.com.bd/asus-vivobook-s15-s513ea-core-i3-11th-gen-oled-fhd-laptop
"Lenovo K14 Core i3 11th Gen 14"" FHD Business Series Laptop","66,500",https://www.startech.com.bd/lenovo-k14-core-i3-11th-gen-laptop
"ASUS VivoBook 15 X515EA Core i5 11th Gen 15.6"" FHD Laptop","68,500",https://www.startech.com.bd/asus-vivobook-15-x515ea-i5-11th-gen-laptop
"ASUS VivoBook 14 X1402ZA Core i3 12th Gen 14"" FHD Laptop","69,000",https://www.startech.com.bd/asus-vivobook-14-x1402za-core-i3-12th-gen-fhd-laptop
"Asus Vivobook S15 S513EA Core i3 11th Gen 15.6"" OLED FHD Laptop","69,800",https://www.startech.com.bd/asus-vivobook-s15-s513ea-core-i3-11th-gen-oled-laptop
"ASUS VivoBook 15 X1502ZA Core i3 12th Gen 15.6"" FHD Laptop","69,800",https://www.startech.com.bd/asus-vivobook-15-x1502za-core-i3-12th-gen-laptop
"Lenovo IdeaPad Slim 3i 14IRU8 Core i3 13th Gen 14"" FHD Laptop","70,500",https://www.startech.com.bd/lenovo-ideapad-slim-3i-14iru8-core-i3-13th-gen-laptop
"ASUS Vivobook 15 X1504VA-NJ260W Core i3 13th Gen 15.6"" FHD Laptop","70,800",https://www.startech.com.bd/asus-vivobook-15-x1504va-nj260w-core-i3-laptop
"Avita Liber V14 Core i5 11th Gen 14"" FHD Laptop Soft Lavender","70,950",https://www.startech.com.bd/avita-liber-v14-core-i5-11th-gen-laptop-soft-lavender
"Avita Liber V14 Core i5 11th Gen 14"" FHD Laptop Infinite Black","70,950",https://www.startech.com.bd/avita-liber-v14-core-i5-11th-gen-laptop-infinite-black
"Avita Liber V14 Core i5 11th Gen 14"" FHD Laptop Star Silver","70,950",https://www.startech.com.bd/avita-liber-v14-core-i5-11th-gen-laptop-star-silver
"Avita Liber V14 Core i5 11th Gen 14"" FHD Laptop Aqua Blue","70,950",https://www.startech.com.bd/avita-liber-v14-core-i5-11th-gen-laptop-aqua-blue
"Avita Liber V14 Core i5 11th Gen 14"" FHD Laptop Anchor Grey","70,950",https://www.startech.com.bd/avita-liber-v14-core-i5-11th-gen-laptop-anchor-grey
"Avita Liber V14 Core i5 11th Gen 14"" FHD Laptop Golden Matt Black","70,950",https://www.startech.com.bd/avita-liber-v14-core-i5-11th-gen-laptop-golden-matt-black
"ASUS Vivobook 15 M1502IA-EJ388W Ryzen 5 4600H 15.6"" FHD Laptop","71,000",https://www.startech.com.bd/asus-vivobook-15-m1502ia-ej388w-ryzen-5-laptop
"HP 15s-fq4786TU Core i5 11th Gen 15.6"" FHD Laptop","71,300",https://www.startech.com.bd/hp-15s-fq4786tu-core-i5-11th-gen-laptop
"ASUS VivoBook 14 X1402ZA Core i3 12th Gen 8GB RAM 14"" FHD Laptop","71,500",https://www.startech.com.bd/asus-vivobook-14-x1402za-core-i3-12th-gen-laptop
"ASUS VivoBook X1402ZA-EB636W Core i3 12th Gen 14"" FHD Laptop","71,500",https://www.startech.com.bd/asus-vivobook-x1402za-eb636w-core-i3-12th-gen-laptop
"Avita Liber V14 Core i5 11th Gen 14"" FHD Laptop Flowers on Yellow","71,990",https://www.startech.com.bd/avita-liber-v14-core-i5-11th-gen-laptop-flowers-on-yellow
"Avita Liber V14 Core i5 11th Gen 14"" FHD Laptop Iris on Ruby","71,990",https://www.startech.com.bd/avita-liber-v14-core-i5-11th-gen-laptop-iris-on-ruby
"Avita Liber V14 Core i5 11th Gen 14"" FHD Laptop Paisley on Lilac","71,990",https://www.startech.com.bd/avita-liber-v14-core-i5-11th-gen-laptop-paisley-on-lilac
"Avita Liber V14 Core i5 11th Gen 14"" FHD Laptop Snowflakes on Azure Blue","71,990",https://www.startech.com.bd/avita-liber-v14-core-i5-11th-gen-laptop-snowflakes-on-azure-blue
"Avita Liber V14 Core i5 11th Gen 14"" FHD Laptop Snowflakes on Mountain Blue","71,990",https://www.startech.com.bd/avita-liber-v14-core-i5-11th-gen-laptop-snowflakes-on-mountain-blue
"HP 15s-eq3619AU Ryzen 5 5625U 15.6"" FHD Laptop","73,200",https://www.startech.com.bd/hp-15s-eq3619au-ryzen-5-5625u-laptop
"Realme Book Core i5 11th Gen 14"" 2k UHD Laptop","73,300",https://www.startech.com.bd/realme-book-core-i5-laptop
"Lenovo IdeaPad Slim 3i 15ITL6 Core i5 11th Gen 15.6"" FHD Laptop","73,500",https://www.startech.com.bd/lenovo-ideapad-slim-3i-15itl6-core-i5-11th-gen-laptop
"Realme Book Prime Core i5 11th Gen 14"" 2K UHD Laptop","74,000",https://www.startech.com.bd/realme-book-prime-core-i5-laptop
"Lenovo IdeaPad Slim 3i Core i5 11th Gen 15.6"" FHD Laptop","74,000",https://www.startech.com.bd/lenovo-ideapad-slim-3i-i5-11th-gen-fhd-laptop
"Acer Aspire 3 A315-59-5031 Core i5 12th Gen 15.6"" FHD Laptop","74,000",https://www.startech.com.bd/acer-aspire-3-a315-59-5031-i5-12th-gen-laptop
"Acer Aspire 3 A315-59-57VA Core i5 12th Gen 15.6"" FHD Laptop","74,000",https://www.startech.com.bd/acer-aspire-3-a315-59-57va-i5-12th-gen-laptop
"Acer Aspire 3 A315-59-50J9 Core i5 12th Gen 15.6"" FHD Laptop","74,000",https://www.startech.com.bd/acer-aspire-3-a315-59-50j9-i5-12th-gen-laptop
"Lenovo IdeaPad Slim 3i 11th Gen Core i5 15.6"" FHD IPS Display Laptop","74,500",https://www.startech.com.bd/lenovo-ideapad-slim-3i-11th-gen-i5-laptop
"Walton Tamarind MX511G Core i5 11th Gen 14"" FHD Laptop","74,500",https://www.startech.com.bd/walton-tamarind-mx511g-core-i5-11th-gen-laptop
"Lenovo IdeaPad Slim 3i 11th Gen Core i5 15.6"" FHD Laptop with 3 Years Warranty","74,500",https://www.startech.com.bd/lenovo-ideapad-slim-3i-11th-gen-core-i5-fhd-laptop
"Walton Passion BX710U Core i7 10th Gen 15.6"" FHD Laptop","74,550",https://www.startech.com.bd/walton-passion-bx710u-core-i7-10th-gen-laptop
"Lenovo IdeaPad Slim 3i Core i5 12th Gen 14"" FHD Laptop","75,500",https://www.startech.com.bd/lenovo-ideapad-slim-3i-core-i5-12th-gen-fhd-laptop
"HUAWEI MateBook B3-520 Core i5 11th Gen 15.6"" FHD Laptop","76,000",https://www.startech.com.bd/huawei-matebook-b3-520-core-i5-11th-gen-laptop
"Acer Aspire 3 A315-59 Core i5 12th Gen 15.6"" FHD Laptop","76,500",https://www.startech.com.bd/acer-aspire-3-a315-59-core-i5-12th-gen-laptop
"Lenovo IP Slim 3 15ABR8 Ryzen 5 15.6"" FHD Laptop","77,000",https://www.startech.com.bd/lenovo-ideapad-slim-3-15abr8-ryzen-5-7530u-fhd-laptop
"DOEL T10 Core i7 10th Gen 14"" FHD Laptop","77,500",https://www.startech.com.bd/doel-t10-core-i7-10th-gen-laptop
"Lenovo IdeaPad Slim 3i 15ITL Core i5 11th Gen MX350 2GB Graphics 15.6"" FHD Laptop with 03 Years Warranty","78,500",https://www.startech.com.bd/lenovo-ideapad-slim-3i-15itl-i5-11th-gen-fhd-laptop
"Acer Extensa 14 EX214-53-543W Core i5 12th Gen 14"" FHD Laptop","78,500",https://www.startech.com.bd/acer-extensa-14-ex214-53-543w-core-i5-12th-gen-laptop
"HP 15s-fq5192TU Core i5 12th Gen 15.6"" HD Laptop","78,500",https://www.startech.com.bd/hp-15s-fq5192tu-core-i5-12th-gen-laptop
"Huawei MateBook D15 Core i5 11th Gen 15.6"" FHD Laptop","76,000",https://www.startech.com.bd/huawei-matebook-d-15-core-i5-11th-gen-laptop
"Huawei MateBook B3-420 Core i5 11th Gen 14"" FHD Laptop","76,000",https://www.startech.com.bd/huawei-matebook-b3-420-core-i5-11th-gen-fhd-laptop
"Lenovo IdeaPad Slim 3i Core i5 11th Gen MX350 2GB Graphics 15.6"" FHD Laptop","79,500",https://www.startech.com.bd/lenovo-ideapad-slim-3i-i5-fhd-laptop
"Lenovo IdeaPad 3 Ryzen 7 5700U 15.6"" FHD Laptop with Windows 11","79,900",https://www.startech.com.bd/lenovo-ideapad-3-ryzen-7-laptop
"ASUS Vivobook 15 M1502IA-EJ390W Ryzen 7 4800H 15.6"" FHD Laptop","81,500",https://www.startech.com.bd/asus-vivobook-15-m1502ia-ej390w-ryzen-7-laptop
"Acer TravelMate TMP214-53 Core i7 11th Gen 14"" FHD Laptop","79,500",https://www.startech.com.bd/acer-travelmate-tmp214-53-core-i7-11th-gen-laptop
"Lenovo IdeaPad Slim 3i Core i5 12th Gen 15.6"" FHD Laptop with Windows 11","83,000",https://www.startech.com.bd/lenovo-ideapad-slim-3i-core-i5-12th-gen-15-6-inch-laptop
"Walton Tamarind MX711G Core i7 11th Gen 14"" FHD Laptop","84,500",https://www.startech.com.bd/walton-tamarind-mx711g-core-i7-11th-gen-laptop
"Lenovo IdeaPad Slim 3i Core i5 12th Gen 15.6"" FHD Laptop","84,500",https://www.startech.com.bd/lenovo-ideapad-slim-3i-i5-12th-gen-fhd-laptop
"Acer TravelMate TMP214-53 Core i7 11th Gen 512GB SSD 14"" FHD Laptop","84,900",https://www.startech.com.bd/acer-travelmate-tmp214-53-core-i7-11th-gen-fhd-laptop
"Acer Aspire 7 A715-42G-R2NE Ryzen 5 5500U GTX 1650 4GB Graphics 15.6"" FHD Gaming Laptop","86,000",https://www.startech.com.bd/acer-aspire-7-a715-42g-r2ne-ryzen-5-5500u-gaming-laptop
"Lenovo IdeaPad Slim 3i Core i5 12th Gen 15.6"" FHD Laptop Abyss Blue","86,000",https://www.startech.com.bd/lenovo-ideapad-slim-3i-core-i5-12th-gen-laptop
"Samsung Galaxy Book Core i5 11th Gen 15.6"" FHD Laptop","86,000",https://www.startech.com.bd/samsung-galaxy-book-core-i5-11th-gen-laptop
"Asus ExpertBook B1 B1500CEAE Core i5 11th Gen 1TB HDD 15.6"" FHD Laptop","80,500",https://www.startech.com.bd/asus-expertbook-b1-b1500ceae-core-i5-11th-gen-fhd-laptop
"Lenovo IP Slim 3 15ABR8 Ryzen 7 15.6"" FHD Laptop (Ram Not Upgradable)","88,000",https://www.startech.com.bd/lenovo-ideapad-slim-3-15abr8-ryzen-7-7730u-fhd-laptop
"Lenovo IdeaPad Slim 3i Core i7 11th Gen 15.6"" FHD Laptop","88,000",https://www.startech.com.bd/lenovo-ideapad-slim-3i-core-i7-11th-gen-laptop
"ASUS Vivobook 15 OLED M1505YA AMD Ryzen 5 15.6"" FHD Laptop","89,000",https://www.startech.com.bd/asus-vivobook-15-oled-m1505ya-amd-ryzen-5-fhd-laptop
"HP ProBook 440 G9 Core i5 12th Gen 14"" FHD Laptop","89,000",https://www.startech.com.bd/hp-probook-440-g9-core-i5-12th-gen-14-inch-laptop
"Asus VivoBook Flip 14 TM420UA Ryzen 5 14"" FHD Touch Laptop","89,900",https://www.startech.com.bd/asus-vivobook-flip-14-tm420ua-ryzen-5-fhd-touch-laptop
"HP ProBook 440 G9 Core i5 12th Gen 14"" FHD Laptop With Windows 11","91,000",https://www.startech.com.bd/hp-probook-440-g9-core-i5-12th-gen-laptop
"Lenovo IdeaPad Slim 3i Core i7 11th Gen 14"" FHD Laptop","95,500",https://www.startech.com.bd/lenovo-ideapad-slim-3i-core-i7-11th-gen-fhd-14-inch-laptop
"ASUS ExpertBook P1 P1512CEA Core i7 11th Gen 15.6"" FHD Laptop","96,000",https://www.startech.com.bd/asus-expertbook-p1-p1512cea-core-i7-11th-gen-laptop
"MSI Modern 14 C11M Core i3 11th Gen 14"" FHD Laptop","55,000",https://www.startech.com.bd/msi-modern-14-c11m-core-i3-11th-gen-fhd-laptop
"MSI Modern 14 C12MO Core i3 12th Gen 14"" FHD Laptop","59,500",https://www.startech.com.bd/msi-modern-14-c12mo-core-i3-12th-gen-laptop
"MSI Modern 14 C12M Core i5 12th Gen 14"" FHD Laptop Urban Silver","77,900",https://www.startech.com.bd/msi-modern-14-c12m-i5-12th-gen-laptop-urban-silver
"MSI Modern 15 A5M Ryzen 7 5700U 15.6"" FHD Laptop","81,000",https://www.startech.com.bd/msi-modern-15-a5m-ryzen-7-5700u-laptop
"MSI Modern 14 C13M Core i5 13th Gen 14"" FHD Laptop","89,500",https://www.startech.com.bd/msi-modern-14-c13m-core-i5-13th-gen-fhd-laptop
"Asus TUF Gaming A17 FA706ICB Ryzen 5 4600H RTX 3050 4GB Graphics 17.3"" FHD Gaming Laptop","121,000",https://www.startech.com.bd/asus-tuf-gaming-a17-fa706icb-ryzen-5-4600h-gaming-laptop
"MSI GF63 THIN 11SC Core i5 11th Gen GTX 1650 4GB Graphics 15.6"" FHD 144hz Gaming Laptop with 2 Years Warranty","90,000",https://www.startech.com.bd/msi-gf63-thin-11sc-core-i5-11th-gen-fhd-gaming-laptop
"Asus TUF Gaming A17 FA706ICB Ryzen 7 4800H RTX 3050 4GB Graphics 17.3"" FHD Gaming Laptop","133,500",https://www.startech.com.bd/asus-tuf-gaming-a17-fa706icb-ryzen-7-4800h-gaming-laptop
"MSI Modern 15 B12M Core i7 12th Gen 16GB RAM 15.6"" FHD Laptop","91,500",https://www.startech.com.bd/msi-modern-15-b12m-core-i7-12th-gen-laptop
"Asus TUF Dash F15 FX517ZC Core i5 12th Gen RTX 3050 4GB Graphics 15.6"" FHD Gaming Laptop","139,000",https://www.startech.com.bd/asus-tuf-gaming-f15-fx517zc-core-i5-12th-gen-fhd-gaming-laptop
"MSI Modern 15 B13M Core i5 13th Gen 15.6"" FHD Laptop","91,500",https://www.startech.com.bd/msi-modern-15-b13m-core-i5-13th-gen-fhd-laptop
"MSI GF63 THIN 11UCX Core i5 11th Gen RTX 2050 4GB Graphics 15.6"" FHD 144Hz Gaming Laptop","93,900",https://www.startech.com.bd/msi-gf63-thin-11ucx-gaming-laptop
"Thunderobot 911MT Core i5 12th Gen RTX 3060 6GB Graphics 15.6"" FHD 144Hz Gaming Laptop","139,000",https://www.startech.com.bd/thunderobot-911mt-core-i5-12th-gen-fhd-gaming-laptop
"MSI Modern 14 C12MO Core i7 12th Gen 14"" FHD Laptop","98,000",https://www.startech.com.bd/msi-modern-14-c12mo-core-i7-12th-gen-fhd-laptop
"MSI GF63 THIN 12UCX Core i5 12th Gen RTX 2050 4GB Graphics 15.6"" FHD 144hz Gaming Laptop","99,000",https://www.startech.com.bd/msi-gf63-thin-12ucx-core-i5-12th-gen-gaming-laptop
"ASUS TUF Gaming A15 FA507RC Ryzen 7 6800H RTX 3050 4GB Graphics 15.6"" FHD Gaming Laptop","144,000",https://www.startech.com.bd/asus-tuf-gaming-a15-fa507rc-ryzen-7-6800h-gaming-laptop
"Asus ROG Strix G15 G513IE AMD Ryzen 7 4800H RTX 3050Ti 4GB Graphics 15.6"" FHD Gaming Laptop","144,000",https://www.startech.com.bd/asus-rog-strix-g15-g513ie-ryzen-7-fhd-gaming-laptop
"Lenovo IdeaPad Gaming 3i Core i5 12th Gen RTX 3050 4GB Graphics 16"" 2K WUXGA Laptop","144,000",https://www.startech.com.bd/lenovo-ideapad-gaming-3i-core-i5-12th-gen-laptop
"MSI Modern 14 C13M Core i7 13th Gen 14"" FHD Laptop","104,500",https://www.startech.com.bd/msi-modern-14-c13m-core-i7-13th-gen-fhd-laptop
"ASUS Vivobook S 16X OLED M5602RA Ryzen 7 6800H 16"" OLED Laptop","149,000",https://www.startech.com.bd/asus-vivobook-s-16x-oled-m5602ra-ryzen-7-6800h-16-inch-laptop
"MSI Modern 15 B13M Core i7 13th Gen 15.6"" FHD Laptop","105,500",https://www.startech.com.bd/msi-modern-15-b13m-core-i7-13th-gen-fhd-laptop
"MSI GF63 THIN 11UC Core i5 11th Gen 512GB SSD RTX 3050 Max-Q 4GB Graphics 15.6"" FHD Gaming Laptop","108,500",https://www.startech.com.bd/msi-gf63-thin-11uc-core-i5-11th-gen-gaming-laptop
"Lenovo IdeaPad Flex 5i Core i7 12th Gen 14"" 360° WUXGA Touch Laptop","149,000",https://www.startech.com.bd/lenovo-ideapad-flex-5i-core-i7-12th-gen-touch-laptop
"MSI Katana GF66 12UC Core i5 12th Gen RTX 3050 4GB Graphics 15.6"" FHD Gaming Laptop","112,900",https://www.startech.com.bd/msi-katana-gf66-12uc-core-i5-12th-gen-gaming-laptop
"Lenovo IdeaPad Slim 5i Core i7 12th Gen MX550 2GB Graphics 15.6"" FHD Laptop","155,000",https://www.startech.com.bd/lenovo-ideapad-slim-5i-core-i7-12th-gen-fhd-laptop
"MSI Katana GF66 12UEOK Core i5 12th Gen RTX 3060 6GB Graphics 15.6"" FHD Gaming Laptop","127,000",https://www.startech.com.bd/msi-katana-gf66-12ueok-12uc-core-i5-12th-gen-gaming-laptop
"Asus TUF Dash F15 FX517ZE Core i5 12th Gen RTX 3050 Ti 4GB Graphics 15.6"" FHD WV Gaming Laptop","153,900",https://www.startech.com.bd/asus-tuf-dash-f15-fx517ze-core-i5-12th-gen-fhd-gaming-laptop
"MSI Cyborg 15 A12VE Core i5 12th Gen RTX 4050 6GB Graphics 15.6"" FHD Gaming Laptop","129,500",https://www.startech.com.bd/msi-cyborg-15-a12ve-core-i5-12th-gen-fhd-gaming-laptop
"MSI Sword 15 A12UCX Core i5 12th Gen RTX 2050 4GB Graphics 15.6"" FHD Gaming Laptop","134,000",https://www.startech.com.bd/msi-sword-15-a12ucx-core-i5-12th-gen-fhd-gaming-laptop
"Lenovo IdeaPad Gaming 3i Core i7 12th Gen RTX 3050 4GB Graphics 16"" 2K WUXGA Laptop","165,000",https://www.startech.com.bd/lenovo-ideapad-gaming-3i-core-i7-12th-gen-laptop
"MSI Katana 15 B12UDXK Core i5 12th Gen RTX 3050 4GB Graphics 15.6"" FHD Gaming Laptop","139,000",https://www.startech.com.bd/msi-katana-15-b12udxk-core-i5-12th-gen-gaming-laptop
"Thunderobot 911X Core i5 13th Gen RTX 4060 8GB Graphics 15.6"" FHD 165Hz Gaming Laptop","174,900",https://www.startech.com.bd/thunderobot-911x-core-i5-13th-gen-fhd-gaming-laptop
"Asus TUF Gaming A15 FA506QM Ryzen 7 5800H RTX 3060 6GB Graphics 15.6"" FHD Gaming Laptop","170,900",https://www.startech.com.bd/asus-tuf-gaming-a15-fa506qm-ryzen-7-5800h-gaming-laptop
"MSI Cyborg 15 A12VF Core i7 12th Gen RTX 4060 8GB Graphics 15.6"" FHD Gaming Laptop","158,900",https://www.startech.com.bd/msi-cyborg-15-a12vf-core-i7-12th-gen-fhd-gaming-laptop
"ASUS TUF Gaming A15 FA507RE Ryzen 7 6800H RTX 3050 Ti 4GB Graphics 15.6"" FHD Jaeger Gray Gaming Laptop","153,900",https://www.startech.com.bd/asus-tuf-gaming-a15-fa507re-ryzen-7-6800h-fhd-laptop
"MSI Pulse 15 B13VFK Core i7 13th Gen RTX 4060 8GB Graphics 15.6"" FHD 360Hz Gaming Laptop","179,500",https://www.startech.com.bd/msi-pulse-15-b13vfk-core-i7-13th-gen-gaming-laptop
"MSI Summit E16 Flip Evo A13MT Core i7 13th Gen 16GB RAM 16"" FHD+ 165Hz Touch Laptop","183,900",https://www.startech.com.bd/msi-summit-e16-flip-evo-a13mt-core-i7-13th-gen-laptop
"ASUS TUF Gaming A15 FA507RM Ryzen 7 6800H RTX 3060 6GB Graphics 15.6"" FHD Gaming Laptop","181,900",https://www.startech.com.bd/asus-tuf-gaming-a15-fa507rm-ryzen-7-6800h-laptop
"MSI Sword 17 A12VE Core i7 12th Gen RTX 4050 6GB Graphics 17.3"" FHD Gaming Laptop","228,000",https://www.startech.com.bd/msi-sword-17-a12ve-core-i7-12th-gen-fhd-gaming-laptop
MSI Stealth 16 Mercedes-AMG A13VF Core i9 13th Gen RTX 4060 8GB Graphics 16” UHD+ OLED Gaming Laptop,"349,900",https://www.startech.com.bd/msi-stealth-16-mercedes-amg-a13vf-core-i9-13th-gen-laptop
"Microsoft Surface Laptop 5 Core i5 12th Gen 8GB RAM 256GB SSD 13.5"" QHD Multi-Touch Laptop (QZI-00001)","138,000",https://www.startech.com.bd/microsoft-surface-laptop-5-core-i5-12th-gen-laptop
"Microsoft Surface Laptop 5 Core i5 12th Gen 8GB RAM 512GB SSD 13.5"" QHD Multi-Touch Laptop (R1S-00062)","147,500",https://www.startech.com.bd/microsoft-surface-laptop-5-core-i5-512gb-ssd-laptop
"Microsoft Surface Laptop 5 Core i5 12th Gen 16GB RAM 256GB SSD 13.5"" QHD Multi-Touch Laptop (R7B-00001)","155,000",https://www.startech.com.bd/microsoft-surface-laptop-5-core-i5-16gb-ram-touch-laptop
"Asus TUF Dash F15 FX517ZM Intel Core i5 12th Gen RTX 3060 6GB Graphics 15.6"" FHD WV Gaming Laptop","186,000",https://www.startech.com.bd/asus-tuf-dash-f15-fx517zm-intel-core-i5-12th-gen-fhd-gaming-laptop
"MSI Creator Z16 HX Studio B13VFTO Core i7 13th Gen RTX 4060 8GB Graphics 16"" 2K QHD Gaming Laptop","365,000",https://www.startech.com.bd/msi-creator-z16-hx-studio-b13vfto-core-i7-13th-gen-gaming-laptop
"Microsoft Surface Pro 9 Core i5 12th Gen 8GB RAM 512GB SSD 13"" Multi-Touch Laptop for Business (QHB-00017)","149,000",https://www.startech.com.bd/microsoft-surface-pro-9-core-i5-12th-gen-multi-touch-laptop
"Asus TUF Dash F15 FX517ZM Intel Core i7 12th Gen RTX 3060 6GB Graphics 15.6"" FHD WV Gaming Laptop","203,000",https://www.startech.com.bd/asus-tuf-dash-f15-fx517zm-intel-core-i7-12th-gen-fhd-gaming-laptop
"MSI Raider GE68 HX 13VG Core i9 13th Gen RTX 4070 8GB Graphics 16"" 4K UHD Gaming Laptop","395,000",https://www.startech.com.bd/msi-raider-ge68-hx-13vg-core-i9-13th-gen-gaming-laptop
"ASUS Zenbook Pro 14 Duo OLED UX8402ZA-M3031W Core i7 12th Gen 14.5"" 2.8K Touch Laptop","224,990",https://www.startech.com.bd/asus-zenbook-pro-14-duo-oled-ux8402za-core-i7-12th-gen-laptop
"Microsoft Surface Laptop Studio Core i5 11th Gen 16GB RAM 14.4"" Touchscreen 2-in-1 Laptop (THR-00001)","185,000",https://www.startech.com.bd/microsoft-surface-laptop-studio-core-i5-2-in-1-laptop
MSI Stealth 16 Mercedes-AMG A13VG Core i9 13th Gen RTX 4070 8GB Graphics 16” UHD+ OLED Gaming Laptop,"399,900",https://www.startech.com.bd/msi-stealth-16-mercedes-amg-a13vg-core-i9-13th-gen-laptop
"MSI Titan GT77HX 13VI Core i9 13th Gen 64GB RAM 4TB SSD RTX 4090 16GB Graphics 17.3"" 4K UHD 144Hz Gaming Laptop","774,900",https://www.startech.com.bd/msi-titan-gt77hx-13vi-core-i9-13th-gen-gaming-laptop
"Microsoft Surface Laptop 5 Core i7 12th Gen 16GB RAM 512GB SSD 13.5"" QHD Multi-Touch Laptop (RBG-00001)","198,000",https://www.startech.com.bd/microsoft-surface-laptop-5-core-i7-12th-gen-qhd-touch-laptop
"Microsoft Surface Laptop 5 Core i7 12th Gen 16GB RAM 15"" QHD Multi-Touch Laptop (RIQ-00001)","225,000",https://www.startech.com.bd/microsoft-surface-laptop-5-core-i7-touch-laptop
"Microsoft Surface Laptop Studio Core i7 11th Gen 16GB RAM 512GB SSD 14.4"" Touchscreen 2-in-1 Laptop (A1Y-00001)","228,000",https://www.startech.com.bd/microsoft-surface-laptop-studio-core-i7-11th-gen-touch-laptop
"Microsoft Surface Laptop Studio Core i7 11th Gen 32GB RAM 1TB SSD 14.4"" Touchscreen 2-in-1 Laptop (ABY-00001)","292,000",https://www.startech.com.bd/microsoft-surface-laptop-studio-core-i7-2-in-1-laptop
"Lenovo Legion 5i Core i7 12th Gen RTX 3060 6GB Graphics 15.6"" FHD 144Hz Gaming Laptop","248,000",https://www.startech.com.bd/lenovo-legion-5i-core-i7-12th-gen-fhd-gaming-laptop
"Microsoft Surface Go 3 Pentium Gold 6500Y 10.5"" MultiTouch Laptop (8VA-00001)","97,000",https://www.startech.com.bd/microsoft-surface-go-3-laptop
"Apple MacBook Air 13.3-Inch Retina Display 8-core Apple M1 chip with 8GB RAM, 256GB SSD (MGN63) Space Gray","106,000",https://www.startech.com.bd/apple-macbook-air-13-3-inch-m1-chip-laptop-256gb-ssd
"Lenovo Legion 5i Core i7 12th Gen RTX 3070 8GB Graphics 15.6"" 2.5K 165Hz Gaming Laptop","249,000",https://www.startech.com.bd/lenovo-legion-5i-core-i7-12th-gen-gaming-laptop
Lenovo ThinkPad X1 Carbon Gen 9 Core i7 14 Inch WUXGA IPS Laptop,"270,000",https://www.startech.com.bd/lenovo-thinkpad-x1-carbon-gen-9-core-i7-laptop
Apple MacBook Air (2022) Apple M2 Chip 13.6-Inch Liquid Retina Display 8GB RAM 256GB SSD Space Gray #MLXW3LL/A / MLXW3ZP/A,"141,000",https://www.startech.com.bd/apple-macbook-air-2022-m2-chip-13-6-inch-space-gray
"Lenovo Legion 5i Pro Core i7 12th Gen RTX 3060 6GB Graphics 16"" 2.5K 240Hz Gaming Laptop","255,000",https://www.startech.com.bd/lenovo-legion-5i-pro-core-i7-12th-gen-gaming-laptop
Apple MacBook Air (2022) Apple M2 Chip 13.6-Inch Liquid Retina Display 8GB RAM 256GB SSD Midnight #MLY33LL/A / MLY33ZP/A,"141,000",https://www.startech.com.bd/apple-macbook-air-2022-m2-chip-13-6-inch-midnight
"Lenovo Legion Slim 7i Core i7 12th Gen RTX 3060 6GB Graphics 16"" 2.5K 165Hz Gaming Laptop","255,000",https://www.startech.com.bd/lenovo-legion-slim-7i-i7-12th-gen-gaming-laptop
Apple MacBook Pro 13.3-Inch Retina Display M2 Chip 8GB RAM 256GB SSD Space Gray (MNEH3),"154,000",https://www.startech.com.bd/apple-macbook-pro-13-inch-m2-chip-8gb-ram-256gb-ssd-space-gray
"Lenovo Legion Slim 7i Core i7 12th Gen RTX 3070 8GB Graphics 16"" 2.5K 165Hz Gaming Laptop","259,000",https://www.startech.com.bd/lenovo-legion-slim-7i-core-i7-12th-gen-gaming-laptop
Apple MacBook Pro 13.3-Inch Retina Display M2 Chip 8GB RAM 256GB SSD Silver (MNEP3),"154,000",https://www.startech.com.bd/apple-macbook-pro-13-inch-m2-chip-8gb-ram-256gb-ssd-silver
"ASUS Zenbook Pro 14 Duo OLED UX8402ZE-M3050W Core i7 12th Gen RTX 3050 Ti 4GB Graphics 14.5"" 2.8K Touch Laptop","269,990",https://www.startech.com.bd/asus-zenbook-pro-14-duo-oled-ux8402ze-core-i7-12th-gen-laptop
Apple MacBook Air (2023) Apple M2 Chip 15-Inch Liquid Retina Display 8GB RAM 256GB SSD Midnight #MQKW3LL/A,"169,000",https://www.startech.com.bd/apple-macbook-air-m2-chip-15-inch
Apple MacBook Air (2023) Apple M2 Chip 15-Inch Liquid Retina Display 8GB RAM 256GB SSD Starlight #MQKU3LL/A,"175,000",https://www.startech.com.bd/apple-macbook-air-m2-chip-15-inch-starlight
Apple MacBook Air (2023) Apple M2 Chip 15-Inch Liquid Retina Display 8GB RAM 256GB SSD Space Gray #MQKP3/A,"169,000",https://www.startech.com.bd/apple-macbook-air-m2-chip-15-inch-space-gray
Apple MacBook Air (2022) Apple M2 Chip 13.6-Inch Liquid Retina Display 8GB RAM 512GB SSD Space Gray #MLXX3LL/A,"175,000",https://www.startech.com.bd/apple-macbook-air-2022-m2-chip-512gb-ssd-13-6-inch-space-gray
Apple MacBook Air (2022) Apple M2 Chip 13.6-Inch Liquid Retina Display 8GB RAM 512GB SSD Midnight #MLY43LL/A,"175,000",https://www.startech.com.bd/apple-macbook-air-2022-m2-chip-512gb-ssd-13-6-inch-midnight
Apple MacBook Pro 13.3-Inch Retina Display M2 Chip 8GB RAM 512GB SSD Silver (MNEQ3),"179,500",https://www.startech.com.bd/apple-macbook-pro-13-inch-m2-chip-8gb-ram-512gb-ssd-silver
Apple MacBook Pro 13.3-Inch Retina Display M2 Chip 8GB RAM 512GB SSD Space Gray (MNEJ3),"184,000",https://www.startech.com.bd/apple-macbook-pro-13-inch-m2-chip-8gb-ram-512gb-ssd-space-gray
Apple MacBook Air (2023) Apple M2 Chip 15-Inch Liquid Retina Display 8GB RAM 512GB SSD Midnight #MQKX3LL/A,"190,000",https://www.startech.com.bd/apple-macbook-air-m2-chip-15-inch-512gb-ssd-midnight
Apple MacBook Air (2023) Apple M2 Chip 15-Inch Liquid Retina Display 8GB RAM 512GB SSD Starlight #MQKV3LL/A,"190,000",https://www.startech.com.bd/apple-macbook-air-m2-chip-15-inch-512gb-ssd-starlight
Apple MacBook Air (2023) Apple M2 Chip 15-Inch Liquid Retina Display 8GB RAM 512GB SSD Space Gray #MQKQ3LL/A,"190,000",https://www.startech.com.bd/apple-macbook-air-m2-chip-15-inch-512gb-ssd-space-gray
Apple MacBook Air (2023) Apple M2 Chip 15-Inch Liquid Retina Display 8GB RAM 512GB SSD Silver #MQKT3LL/A,"190,000",https://www.startech.com.bd/apple-macbook-air-m2-chip-15-inch-512gb-ssd-silver
"Apple MacBook Pro 14-inch M2 Pro 16GB RAM 512GB SSD Space Gray (MPHE3LL/A, MPHE3ZP/A)","240,000",https://www.startech.com.bd/apple-macbook-pro-14-inch-m2-pro-512gb-ssd-space-gray
Apple MacBook Pro 14-inch M2 Pro 16GB RAM 512GB SSD Silver (MPHH3LL/A),"240,000",https://www.startech.com.bd/apple-macbook-pro-14-inch-m2-pro-silver
Apple MacBook Pro 14-inch M2 Pro 16GB RAM 1TB SSD Space Gray (MPHF3),"285,000",https://www.startech.com.bd/apple-macbook-pro-14-inch-m2-pro-space-gray
Apple MacBook Pro 16-inch M2 Pro 16GB RAM 1TB SSD Space Gray (MNW93),"305,000",https://www.startech.com.bd/apple-macbook-pro-16-inch-m2-pro-space-gray
"Apple MacBook Pro 14-Inch M1 Max Chip, 32GB RAM, 1TB SSD (Z15H00107) Space Grey, Late 2021","390,000",https://www.startech.com.bd/apple-macbook-pro-14-inch-m1-max-chip-1tb-ssd
"ASUS Vivobook 15 X1504VA-NJ261W Core i5 13th Gen 15.6"" FHD Laptop","89,500",https://www.startech.com.bd/asus-vivobook-15-x1504va-nj261w-core-i5-laptop
Apple MacBook Pro 16-Inch M1 Pro Chip 32GB RAM 1TB SSD Space Gray (Z14W00105),"390,000",https://www.startech.com.bd/apple-macbook-pro-16-inch-m1-pro-32gb-ram-1tb-ssd-space-gray
Apple MacBook Pro 16-Inch M1 Max Chip 64GB RAM 4TB SSD Space Gray (MK233LL/A),"480,000",https://www.startech.com.bd/apple-macbook-pro-16-inch-m1-max-chip-4tb-ssd-space-gray
Asus ExpertBook B3 Flip B3402FEA Core i5 14-inch 250 Nits 360° FHD Touch Laptop,"91,000",https://www.startech.com.bd/asus-expertbook-b3-flip-b3402fea-core-i5-fhd-touch-laptop
"HP Pavilion 15-eg2109TU Core i5 12th Gen 15.6"" FHD Laptop","91,000",https://www.startech.com.bd/hp-pavilion-15-eg2109tu-core-i5-12th-gen-laptop
"HP Pavilion 15-eg2116TU Core i5 12th Gen 15.6"" FHD Laptop","91,000",https://www.startech.com.bd/hp-pavilion-15-eg2116tu-core-i5-12th-gen-laptop
"HP ProBook 455 G9 Ryzen 5 5625U 15.6"" FHD Laptop","84,500",https://www.startech.com.bd/hp-probook-455-g9-ryzen-5-5625u-laptop
"ASUS ZenBook 14 UM425UA Ryzen 5 5500U 14"" FHD Laptop","93,500",https://www.startech.com.bd/asus-zenbook-14-um425ua-ryzen-5-5500u-laptop
"Acer Aspire 5 5M-A515-58GM Core i5 13th Gen RTX 2050 4GB Graphics 15.6"" FHD Gaming Laptop","94,000",https://www.startech.com.bd/acer-aspire-5-5m-a515-58gm-gaming-laptop
"Acer Aspire 5 AN515-57G-52HF Core i5 12th Gen RTX 2050 4GB Graphics 15.6"" FHD Gaming Laptop","95,500",https://www.startech.com.bd/acer-aspire-5-an515-57g-52hf-core-i5-12th-gen-gaming-laptop
"Asus Vivobook S15 S513EA Core i5 11th Gen 15.6"" OLED FHD Laptop","97,000",https://www.startech.com.bd/asus-vivobook-s15-s513ea-core-i5-11th-gen-oled-laptop
"ASUS VivoBook Flip 14 TM420UA-EC046 Ryzen 7 5700U 14"" FHD Touch Laptop","97,000",https://www.startech.com.bd/asus-vivobook-flip-14-tm420ua-ec046-ryzen-7-laptop
"Acer Aspire 7 A715-51G Core i5 12th Gen GTX 1650 4GB Graphics 15.6"" FHD Gaming Laptop","98,000",https://www.startech.com.bd/acer-aspire-7-a715-5g-core-i5-12th-gen-gaming-laptop
"Samsung Galaxy Book2 Business Core i5 12th Gen 14"" FHD Laptop","98,000",https://www.startech.com.bd/samsung-galaxy-book2-business-core-i5-12th-gen-laptop
"Asus VivoBook 15X X1503ZA OLED Core i5 12th Gen 15.6"" FHD Laptop","98,000",https://www.startech.com.bd/asus-vivobook-15x-x1503za-oled-core-i5-12th-gen-fhd-laptop
"ASUS VivoBook 14 X1402ZA Core i7 12th Gen 14"" FHD Laptop","98,000",https://www.startech.com.bd/asus-vivobook-14-x1402za-core-i7-12th-gen-laptop
"ASUS VivoBook 15X X1503ZA-L1277W Core i5 12th Gen 15.6"" FHD OLED Laptop","98,990",https://www.startech.com.bd/asus-vivobook-15x-x1503za-l1277w-core-i5-laptop
"Asus VivoBook 15 S513EQ Core i5 11th Gen 8GB RAM 15.6"" OLED FHD Laptop","99,500",https://www.startech.com.bd/asus-vivobook-15-s513eq-core-i5-11th-gen-fhd-laptop
"Asus VivoBook 15 K513EQ Core i5 11th Gen 15.6"" OLED FHD Laptop","102,000",https://www.startech.com.bd/asus-vivobook-15-k513eq-core-i5-11th-gen-oled-laptop
"ASUS VivoBook 15X K3504VA-L1272W Core i5 13th Gen 15.6"" OLED Laptop","105,000",https://www.startech.com.bd/asus-vivobook-15x-k3504va-l1272w-core-i5-laptop
"ASUS Vivobook 16X OLED M1603QA Ryzen 5 5600H 16"" 4K Laptop","108,000",https://www.startech.com.bd/asus-vivobook-16x-oled-m1603qa-ryzen-5-5600h-laptop
"HP 15s-du4026TU Core i7 12th Gen 15.6"" FHD Laptop","108,500",https://www.startech.com.bd/hp-15s-du4026tu-core-i7-12th-gen-fhd-laptop
"Acer Aspire 7 A715-76G Core i5 12th Gen RTX 3050 4GB Graphics IPS 144Hz 15.6"" Gaming Laptop","110,000",https://www.startech.com.bd/acer-aspire-7-a715-76g-core-i5-gaming-laptop
"Asus VivoBook 15 X513EP Core i7 11th Gen MX330 2GB Graphics 15.6"" FHD Laptop With Windows 11","112,000",https://www.startech.com.bd/asus-vivobook-15-x513ep-core-i7-11th-gen-fhd-laptop
"HP Pavilion 15-eg2117TU Core i7 12th Gen 15.6"" FHD Laptop","112,000",https://www.startech.com.bd/hp-pavilion-15-eg2117tu-core-i7-12th-gen-laptop
"ASUS VivoBook Pro 15 K3500PA Core i7 11th Gen 15.6"" FHD Laptop","113,500",https://www.startech.com.bd/asus-vivobook-pro-15-k3500pa-11th-gen-core-i7-laptop
"ASUS Vivobook 15 X1504VA-NJ263W Core i7 13th Gen 15.6"" FHD Laptop","114,000",https://www.startech.com.bd/asus-vivobook-15-x1504va-nj263w-core-i7-laptop
"Asus VivoBook 15X OLED X1503ZA Core i7 12th Gen 15.6"" FHD Laptop","116,000",https://www.startech.com.bd/asus-vivobook-15x-oled-x1503za-core-i7-12th-gen-laptop
"Asus VivoBook 15 S513EQ Core i7 11th Gen MX350 2GB Graphics 15.6"" FHD OLED Laptop","118,000",https://www.startech.com.bd/asus-vivobook-15-s513eq-core-i7-11th-gen-mx350-2gb-graphics-fhd-oled-laptop
"ASUS ZenBook 14X UX5401EA Core i5 11th Gen 14"" 2.8K OLED Touch Laptop","119,000",https://www.startech.com.bd/asus-zenbook-14x-ux5401ea-touch-laptop
"Asus VivoBook 15 S513EQ Core i7 11th Gen MX350 2GB Graphics 15.6"" FHD Laptop","119,000",https://www.startech.com.bd/asus-vivobook-15-s513eq-core-i7-11th-gen-mx350-2gb-graphics-laptop
"Lenovo IdeaPad Slim 5i Pro Core i5 11th Gen MX450 2GB Graphics 16"" Laptop With 3 Years Warranty","121,000",https://www.startech.com.bd/lenovo-ideapad-slim-5i-pro-i5-11th-gen-laptop
"Asus ZenBook 14 UM3402YA Ryzen 7 5825U 14"" WQXGA Laptop","129,000",https://www.startech.com.bd/asus-zenbook-14-um3402ya-ryzen-7-5825u-laptop
"Asus ZenBook 14 OLED UM3402YA Ryzen 5 5625U 14"" WQHD Laptop","129,500",https://www.startech.com.bd/asus-zenbook-14-oled-um3402ya-ryzen-5-5625u-14-inch-laptop
GIGABYTE G5 MF Core i5 12th Gen RTX 4050 6GB Graphics 15.6'' FHD 144Hz Gaming Laptop,"130,000",https://www.startech.com.bd/gigabyte-g5-mf-core-i5-12th-gen-laptop
"ASUS Vivobook Pro 15 M3500QC Ryzen 5 5600H RTX 3050 4GB Graphics 15.6"" FHD Laptop","132,000",https://www.startech.com.bd/asus-vivobook-pro-15-m3500qc-ryzen-5-laptop
"Lenovo IdeaPad Gaming 3i Core i7 11th Gen GTX 1650 4GB Graphics 15.6"" FHD Laptop With 3 Years Warranty","132,000",https://www.startech.com.bd/lenovo-ideapad-gaming-3i-core-i7-11th-gen-fhd-laptop
"Asus ZenBook 14 OLED UX3402ZA Core i5 14"" 3K Laptop","132,000",https://www.startech.com.bd/asus-zenbook-14-oled-ux3402za-core-i5-laptop
"ASUS TUF Gaming F15 FX506HE Core i5 11th Gen RTX 3050 Ti 4GB Graphics 15.6"" FHD Gaming Laptop","133,500",https://www.startech.com.bd/asus-tuf-gaming-f15-fx506he-core-i5-11th-gen-laptop
"Asus ZenBook 14 Flip OLED UP5401EA Core i5 11th Gen 14"" 2.8K OLED Touch Laptop","135,000",https://www.startech.com.bd/asus-zenbook-14-flip-oled-up5401ea-core-i5-11th-gen-laptop
"ASUS ZenBook Duo 14 UX482EAR i7 11th Gen 14"" FHD Touch Laptop with Pen","136,500",https://www.startech.com.bd/asus-zenbook-duo-14-ux482ear-i7-11th-gen-fhd-touch-laptop
GIGABYTE G5 KF Core i5 12th Gen RTX 4060 8GB Graphics 15.6'' FHD 144Hz Gaming Laptop,"138,000",https://www.startech.com.bd/gigabyte-g5-kf-core-i5-12th-gen-laptop
"Lenovo IdeaPad Gaming 3 15ARH7 Ryzen 5 7535HS RTX 4050 6GB Graphics 15.6"" FHD Laptop","139,000",https://www.startech.com.bd/lenovo-ideapad-gaming-3-15arh7-ryzen-5-7535hs-fhd-laptop
"Lenovo IdeaPad Gaming 3 15ARH7 Ryzen 7 7735HS RTX 3050 6GB Graphics 15.6"" FHD Laptop","139,000",https://www.startech.com.bd/lenovo-ideapad-gaming-3-15arh7-ryzen-7-7735hs-fhd-laptop
"ASUS Vivobook Pro 15 M3500QC Ryzen 7 5800H RTX 3050 4GB Graphics 15.6"" FHD Laptop","139,500",https://www.startech.com.bd/asus-vivobook-pro-15-m3500qc-ryzen-7-laptop
"Asus ZenBook 14 OLED UM3402YA Ryzen 7 5825U 14"" WQHD Laptop","139,500",https://www.startech.com.bd/asus-zenbook-14-oled-um3402ya-ryzen-7-5825U-14-inch-laptop
"ASUS Vivobook S 16 Flip OLED TN3604YA Ryzen 7 7730U 16"" 3.2K Touch Laptop","142,900",https://www.startech.com.bd/asus-vivobook-s-16-flip-oled-tn3604ya-ryzen-7-7730u-laptop
"ASUS Vivobook Pro 15 OLED M3500QC Ryzen 7 5800H RTX 3050 4GB Graphics 15.6"" FHD Laptop with Windows 11","144,500",https://www.startech.com.bd/asus-vivobook-pro-15-oled-m3500qc-ryzen-7-5800h-fhd-laptop
"Thunderobot 911X Core i5 13th Gen RTX 4050 6GB Graphics 15.6"" FHD 165Hz Gaming Laptop","144,900",https://www.startech.com.bd/thunderobot-911x-core-i5-13th-gen-gaming-laptop
"GIGABYTE G5 KE Core i5 12th Gen RTX 3060 6GB Graphics 15.6"" FHD 144Hz Gaming Laptop","146,000",https://www.startech.com.bd/gigabyte-g5-ke-core-i5-12th-gen-fhd-laptop
"Lenovo LOQ 15APH8 Ryzen 7 7840HS RTX 3050 6GB Graphics 15.6"" FHD 144Hz Gaming Laptop","150,000",https://www.startech.com.bd/lenovo-loq-15aph8-ryzen-7-7840hs-gaming-laptop
"ASUS VivoBook 16X K3605ZF-MX041W Core i5 12th Gen 16"" OLED Laptop","150,000",https://www.startech.com.bd/asus-vivobook-16x-k3605zf-mx041w-core-i5-laptop
"ASUS Vivobook Pro 15 M3500QC Ryzen 9 5900HX RTX 3050 4GB Graphics 15.6"" FHD Laptop","154,000",https://www.startech.com.bd/asus-vivobook-pro-15-m3500qc-ryzen-9-fhd-laptop
"Lenovo ThinkPad P14s Gen 2 Core i5 11th Gen 14"" FHD Business Laptop","141,000",https://www.startech.com.bd/lenovo-thinkpad-p14s-gen-2-core-i5-11th-gen-fhd-laptop
"Asus ZenBook 14X OLED UX5401EA Core i7 11th Gen 14"" 2.8K OLED Touch Laptop","157,000",https://www.startech.com.bd/asus-zenbook-14x-oled-ux5401ea-core-i7-11th-gen-touch-laptop
"Lenovo IdeaPad Gaming 3 15ARH7 Ryzen 7 7735HS RTX 4050 6GB Graphics 15.6"" FHD Laptop","159,000",https://www.startech.com.bd/lenovo-ideapad-gaming-3-15arh7-ryzen-7-7735hs-laptop
"ASUS Zenbook 14 Flip OLED UP3404VA-KN109WS Core i5 13th Gen 14"" OLED 2.8K Touch Laptop","159,000",https://www.startech.com.bd/asus-zenbook-14-flip-oled-up3404va-kn109ws-core-i5-laptop
"GIGABYTE AORUS 15 9MF Core i5 12th Gen RTX 4050 6GB Graphics 15.6"" FHD 360Hz Gaming Laptop","160,000",https://www.startech.com.bd/gigabyte-aorus-15-9mf-core-i5-12th-gen-gaming-laptop
"ASUS VivoBook 16X K3605ZF-MX148W Core i7 12th Gen 16"" OLED Laptop","167,000",https://www.startech.com.bd/asus-vivobook-16x-k3605zf-mx148w-core-i7-laptop
"ASUS TUF Gaming A16 Advantage Edition Ryzen 7 7735HS RX 7600S 8GB Graphics 16"" QHD Laptop","169,900",https://www.startech.com.bd/asus-tuf-gaming-a16-advantage-edition-ryzen-7-7735hs-laptop
"Asus TUF Gaming A15 FA507XU Ryzen 9 7940HS RTX 4050 6GB Graphics 15.6"" FHD Gaming Laptop","169,900",https://www.startech.com.bd/asus-tuf-gaming-a15-fa507xu-ryzen-9-7940hs-gaming-laptop
"Lenovo LOQ 15APH8 Ryzen 7 7840HS RTX 4050 6GB Graphics 15.6"" FHD 144Hz Gaming Laptop","153,000",https://www.startech.com.bd/lenovo-loq-15aph8-ryzen-7-7840hs-rtx-4050-gaming-laptop
"ASUS ZenBook Duo 14 UX482EA Core i7 11th Gen 14"" FHD Touch Laptop","174,000",https://www.startech.com.bd/asus-zenbook-duo-14-ux482ea-i7-11th-gen-touch-laptop
"Asus Vivobook Pro 16X OLED M7600QE Ryzen 7 5800H RTX 3050Ti 4GB Graphics 16"" 4K Gaming Laptop","174,000",https://www.startech.com.bd/asus-vivobook-pro-16x-oled-m7600qe-ryzen-7-laptop
"ASUS TUF Gaming F15 FX507VU4 Core i7 13th Gen RTX 4050 6GB Graphics 15.6"" FHD 144Hz Gaming Laptop","174,000",https://www.startech.com.bd/asus-tuf-gaming-f15-fx507vu4-core-i7-13th-gen-gaming-laptop
"ASUS Zenbook S 13 Flip OLED UP5302ZA Core i7 12th Gen 13.3"" 3K Touch Laptop","176,000",https://www.startech.com.bd/asus-zenbook-s-13-oled-up5302za-core-i7-12th-gen-3k-laptop
"Asus TUF Gaming A15 FA507XV Ryzen 9 7940HS RTX 4060 8GB Graphics 15.6"" FHD Gaming Laptop","179,900",https://www.startech.com.bd/asus-tuf-gaming-a15-fa507xv-ryzen-9-7940hs-gaming-laptop
"ASUS TUF Gaming A15 FA507RE Ryzen 7 6800H RTX 3050 Ti 4GB Graphics 15.6"" FHD Gaming Laptop","153,900",https://www.startech.com.bd/asus-tuf-gaming-a15-fa507re-ryzen-7-6800h-laptop
"HP ENVY 15-ep1890TX Core i7 11th Gen RTX 3050 Ti 4GB Graphics 15.6"" FHD Touch Gaming Laptop","185,000",https://www.startech.com.bd/hp-envy-15-ep1890tx-core-i7-11th-gen-laptop
"Lenovo ThinkPad P14s Gen 2 Core i5 11th Gen T500 4GB Graphics Card 14"" FHD Business Laptop","175,000",https://www.startech.com.bd/lenovo-thinkpad-p14s-gen-2-core-i5-11th-gen-laptop
"ASUS ROG STRIX G15 G513IM Ryzen 7 4800H 16GB RAM RTX 3060 6GB 15.6"" WQHD Gaming Laptop","181,900",https://www.startech.com.bd/asus-rog-strix-g15-g513im-ryzen-7-4800h-wqhd-gaming-laptop
"Asus ZenBook S 13 OLED UX5304VA Core i7 13th Gen 13.3"" 3K Laptop","189,900",https://www.startech.com.bd/asus-zenbook-s-13-oled-ux5304va-core-i7-13th-gen-laptop
"ASUS Zenbook S 13 UX5304VA-NQ142WS Core i7 13th Gen 13.3"" OLED Laptop","189,900",https://www.startech.com.bd/asus-zenbook-s-13-ux5304va-nq142ws-core-i7-laptop
"Thunderobot Zero Core i9 12th Gen RTX 3060 6GB Graphics 16"" QHD 165Hz Gaming Laptop","199,000",https://www.startech.com.bd/thunderobot-zero-core-i9-12th-gen-qhd-gaming-laptop
"Asus ROG Strix G16 G614JU Core i7 13th Gen RTX 4050 6GB Graphics 16"" FHD+ Gaming Laptop","199,900",https://www.startech.com.bd/asus-rog-strix-g16-g614ju-core-i7-13th-gen-gaming-laptop
"Lenovo Legion 5 Pro 16ARH7H Ryzen 7 6800H RTX 3070 8GB Graphics 16"" 165Hz Gaming Laptop","195,000",https://www.startech.com.bd/lenovo-legion-5-pro-16arh7h-ryzen-7-gaming-laptop
"ASUS ROG Strix G15 G513RM Ryzen 7 6800H RTX 3060 6GB Graphics 15.6"" FHD Gaming Laptop","212,000",https://www.startech.com.bd/asus-rog-strix-g15-g513rm-ryzen-7-6800h-gaming-laptop
"Acer Predator Helios 16 PH16-71-70L4 Core i7 13th Gen RTX 4060 8GB GDDR6 16"" 240Hz Gaming Laptop","219,900",https://www.startech.com.bd/acer-predator-helios-16-ph16-71-70l4-gaming-laptop
"ASUS ROG Strix G15 G713RM Ryzen 7 6800H RTX 3060 6GB Graphics 17.3"" FHD WV Gaming Laptop","222,000",https://www.startech.com.bd/asus-rog-strix-g15-g713rm-ryzen-7-6800h-fhd-gaming-laptop
"Asus ROG Zephyrus G15 GA503RW Ryzen 9 6900HS RTX 3070 Ti Graphics 15.6"" WQHD Gaming Laptop","235,000",https://www.startech.com.bd/asus-rog-zephyrus-g15-ga503rw-ryzen-9-6900hs-laptop
"Asus ROG Strix G16 G614JV Core i7 13th Gen RTX 4060 8GB Graphics 16"" QHD+ Gaming Laptop","235,000",https://www.startech.com.bd/asus-rog-strix-g16-g614jv-core-i7-13th-gen-gaming-laptop
"HP OMEN 16-c0456AX Ryzen 9 5900H RTX 3070 8GB Graphics 16.1"" FHD 144Hz Gaming Laptop","240,000",https://www.startech.com.bd/hp-omen-16-c0456ax-ryzen-9-5900h-gaming-laptop
"Asus ROG Strix G16 G614JI Core i7 13th Gen RTX 4070 8GB Graphics 16"" FHD+ Gaming Laptop","245,000",https://www.startech.com.bd/asus-rog-strix-g16-g614ji-core-i7-13th-gen-gaming-laptop
"Asus ROG Zephyrus G14 GA402RJ Ryzen 9 6900HS RX 6700S 8GB Graphics 14"" WQXGA Gaming Laptop","235,000",https://www.startech.com.bd/asus-rog-zephyrus-g14-ga402rj-ryzen-9-6900hs-14-inch-wqxga-laptop
"Asus ROG Zephyrus G15 GA503RM Ryzen 7 6800HS 16GB RAM RTX 3060 15.6"" WQHD Gaming Laptop","221,900",https://www.startech.com.bd/asus-rog-zephyrus-g15-ga503rm-ryzen-7-gaming-laptop
"Acer Predator Helios 16 PHN16-71 Core i7 13th Gen RTX 4070 8GB GDDR6 16"" 240HZ Gaming Laptop","274,900",https://www.startech.com.bd/acer-predator-helios-16-ph16-71-i7-gaming-laptop
"Acer Predator Helios 16 PH16-71-74MN Core i7 13th Gen RTX 4070 8GB GDDR6 16"" 240HZ Gaming Laptop","274,900",https://www.startech.com.bd/acer-predator-helios-16-ph16-71-74mn-gaming-laptop
"ASUS ProArt Studiobook 16 OLED H5600QM Ryzen 7 5800H RTX 3060 6GB Graphics 16"" OLED Laptop","275,000",https://www.startech.com.bd/asus-proart-studiobook-16-oled-h5600qm-ryzen-7-5800h-laptop
"Thunderobot Zero Core i9 13th Gen RTX 4070 8GB Graphics 16"" QHD 240Hz Gaming Laptop","299,000",https://www.startech.com.bd/thunderobot-zero-core-i9-13th-gen-qhd-gaming-laptop
"Thunderobot Zero Bumblebee Core i9 13th Gen RTX 4070 8GB Graphics 16"" QHD 240Hz Gaming Laptop","299,000",https://www.startech.com.bd/thunderobot-zero-bumblebee-core-i9-13th-gen-gaming-laptop
"ASUS ProArt Studiobook 16 OLED H5600QM Ryzen 9 5900HX RTX 3060 6GB Graphics 16"" OLED Laptop","302,000",https://www.startech.com.bd/asus-proart-studiobook-16-oled-h5600qm-ryzen-9-5900hx-laptop
"Lenovo Legion 7 16ACHg6 Ryzen 7 5800H RTX 3080 16GB Graphics 16"" 165Hz Gaming Laptop","307,000",https://www.startech.com.bd/lenovo-legion-7-16achg6-ryzen-7-5800h-gaming-laptop
"Asus ROG Flow X13 GV301QE Ryzen 9 5980HS RTX 3050 Ti 4GB Graphics (ROG XG Mobile GC31S with RTX 3080), 13.4"" 120Hz WUXGA Touch Gaming Laptop","315,000",https://www.startech.com.bd/asus-rog-flow-x13-gv301qe-ryzen-9-gaming-laptop
"Lenovo Legion 7 16ACHg6 Ryzen 9 5900HX RTX 3080 16GB Graphics 16"" 165Hz Gaming Laptop","333,000",https://www.startech.com.bd/lenovo-legion-7-16achg6-ryzen-9-5900hx-gaming-laptop
"ASUS ProArt Studiobook 16 OLED H5600QR Ryzen 9 5900HX RTX 3070 8GB Graphics 16"" OLED Laptop","333,000",https://www.startech.com.bd/asus-proart-studiobook-16-oled-h5600qr-ryzen-9-5900hx-laptop
"Asus ROG Zephyrus M16 GU603ZW Core i9 12th Gen RTX 3070 Ti 8GB Graphics 16"" 165Hz Gaming Laptop","350,000",https://www.startech.com.bd/asus-rog-zephyrus-m16-gu603zw-core-i9-12th-gen-gaming-laptop
"Acer Predator Helios 16 PHN16-72 Core i9 13th Gen RTX 4080 12GB GDDR6 16"" 240HZ Gaming Laptop","359,900",https://www.startech.com.bd/acer-predator-helios-16-phn16-72-gaming-laptop
"Acer Predator Helios 16 PH16-71-92RZ Core i9 13th Gen RTX 4080 12GB GDDR6 16"" 240HZ Gaming Laptop","359,900",https://www.startech.com.bd/acer-predator-helios-16-ph16-71-92rz-gaming-laptop
"ASUS ProArt Studiobook Pro 16 OLED W7600H3A Core i7 11th Gen RTX A3000 6GB Graphics 16"" OLED Laptop","365,000",https://www.startech.com.bd/asus-proart-studiobook-pro-16-oled-w7600h3a-i7-11th-gen-a3000-6gb-graphics-laptop
"ASUS ZenBook 17 Fold OLED UX9702 Core i7 12th Gen 16GB RAM 1TB SSD 17.3"" Touch Display Foled Laptop","399,990",https://www.startech.com.bd/asus-zenbook-17-fold-oled-laptop
"Asus Vivobook X515KA Celeron N4500 15.6"" FHD Laptop","40,500",https://www.startech.com.bd/asus-vivobook-x515ka-celeron-n4500-fhd-laptop
"HP 240 G8 Core i3 11th Gen 14"" FHD Laptop","59,000",https://www.startech.com.bd/hp-240-g8-core-i3-11th-gen-laptop
"Asus VivoBook 15 K513EQ Core i5 11th Gen 15.6"" FHD Laptop","94,500",https://www.startech.com.bd/asus-vivobook-15-k513eq-core-i5-laptop
"Lenovo IdeaPad 5 Pro 14ACN6 Ryzen 7 5800U 14"" 2.2K Laptop","103,000",https://www.startech.com.bd/lenovo-ideapad-5-pro-14acn6-ryzen-7-14-inch-laptop
"ASUS Vivobook Pro 15 OLED M3500QC Ryzen 9 5900HX RTX 3050 4GB Graphics 15.6"" FHD Laptop","162,000",https://www.startech.com.bd/asus-vivobook-pro-15-oled-m3500qc-ryzen-9-laptop
"Asus ZenBook 14 UX435EAL Core i5 11th Gen 1 TB SSD 14"" FHD Laptop","109,000",https://www.startech.com.bd/asus-zenbook-14-ux435eal-core-i5-11th-gen-laptop
"ASUS VivoBook 14 X1402ZA Core i5 12th Gen 14"" FHD Laptop","87,800",https://www.startech.com.bd/asus-vivobook-14-x1402za-core-i5-12th-gen-fhd-laptop
"HP 14s-dq4678TU Core i7 11th Gen 14"" FHD Laptop","97,000",https://www.startech.com.bd/hp-14s-dq4678tu-core-i7-11th-gen-laptop
"Asus ZenBook 14 UX425EA Intel Core i5 1135G7 11th Gen 14"" FHD WV Laptop","109,000",https://www.startech.com.bd/asus-zenbook-14-ux425ea-intel-core-i5-1135g7-14-inch-fhd-laptop
"Lenovo YOGA Slim 7i Carbon Core i7 12th Gen 13.3"" 2.5K QHD Laptop","189,000",https://www.startech.com.bd/lenovo-yoga-slim-7i-carbon-core-i7-12th-gen-qhd-laptop
Asus ExpertBook B3 Flip B3402FEA Core i7 16gb Ram 14-inch 360° FHD Touch Laptop,"115,000",https://www.startech.com.bd/asus-expertbook-b3-flip-b3402fea-i7-11th-gen-laptop
